factor_id,feedstock_key,feedstock_label,accounting_case,recommended_role,factor_value,factor_unit,physical_basis,reference_point,system_boundary,included_components,excluded_components,geography,gwp_horizon,gwp_method,allocation_method,source_type,source_authors_or_institution,source_year,source_title,journal_or_legal_source,volume_issue_pages,doi,source_url,source_locator,derivation_or_conversion,applicability_notes,confidence,quality_flag,citation_full,last_verified
pome_cutoff_mill_gate,palm_oil_mill_effluent_raw,Raw palm oil mill effluent (POME),cutoff_at_waste_generator,lower_bound_central_candidate,0,kgCO2e_per_t_raw_POME,as_received,palm-oil mill waste-generator gate,upstream production burden allocated to raw POME before collection,none under cut-off/waste convention,collection; transport; treatment; conversion; avoided methane counterfactual,EU regulatory convention applied to imported waste,100y,RED accounting,waste cut-off / zero pre-collection,EU legislation,European Union,2024 consolidated text,Directive (EU) 2018/2001 on the promotion of the use of energy from renewable sources,EUR-Lex,,,https://eur-lex.europa.eu/legal-content/EN/ALL/?uri=CELEX:02018L2001-20240716,"Annex V, point 18; Annex IX POME entry",Direct zero before collection; expressed per tonne for join compatibility.,Lower bound only. Do not interpret as zero total POME climate impact; methane/treatment counterfactuals must be separate.,high for stated cut-off boundary,lower_bound_boundary_limited,"European Union. Directive (EU) 2018/2001, consolidated text 16 July 2024, Annex V point 18 and Annex IX.",2026-09-21
tall_oil_cashman_europe_proxy,tall_oil,Tall oil (workbook; exact crude/distilled form unresolved),European_CTO_product_proxy,proxy_requires_boundary_confirmation,740,kgCO2e_per_t_tall_oil_product,product mass,European CTO distillation-product gate,"cultivation/pulpwood through kraft pulping, acidulation, CTO transport and distillation",allocated upstream forest/pulping burden; acidulation; transport; distillation,fuel conversion; end use,Europe,100y,LCA as published,study allocation among pine-chemical coproducts,peer_reviewed_LCA,"Cashman, S.A.; Moran, K.M.; Gaglione, A.G.",2016,Greenhouse Gas and Energy Life Cycle Assessment of Pine Chemicals Derived from Crude Tall Oil and Their Substitutes,Journal of Industrial Ecology,20(5):1108-1121,10.1111/jiec.12370,https://doi.org/10.1111/jiec.12370,"Table 4, Europe total carbon footprint",Published 740 kg CO2-eq per tonne European CTO distillation product.,Proxy only: workbook 'Tall oil' may refer to crude tall oil rather than an average distillation product. Confirm material boundary before final paper run.,low-moderate,proxy_boundary_mismatch,"Cashman, S.A., Moran, K.M. & Gaglione, A.G. (2016). Greenhouse Gas and Energy Life Cycle Assessment of Pine Chemicals Derived from Crude Tall Oil and Their Substitutes. Journal of Industrial Ecology 20(5), 1108-1121. doi:10.1111/jiec.12370.",2026-09-21
oil_crops_abandoned_degraded_cardoon_oil_proxy,oil_crops_abandoned_degraded,Oil crops on abandoned/degraded land,cardoon_oil_proxy,proxy_requires_feedstock_form_confirmation,1100,kgCO2e_per_t_oil,oil mass,usable cardoon oil supply,oil-feedstock production/obtainment used in source study,cardoon-oil production/obtainment,HVO/HEFA conversion; model-specific transport if separately represented,Italy / EU proxy,100y,CO2-equivalent as published,source-study modeling,peer_reviewed_LCA,"Giuliano, A.; Robinson Medici, A.; Barletta, D.",2026,Techno-Economic and Carbon Footprint Assessment of Hydroprocessing Sustainable Oil Feedstocks into Green Diesel and Bio-Jet Fuel,Energies,19(5):1265,10.3390/en19051265,https://doi.org/10.3390/en19051265,"Table 4: Oil production, Cardoon (Italy), 1.10 kg CO2-eq/kg oil",1.10 kg CO2-eq/kg oil × 1000 kg/t = 1100 kg CO2-eq/t oil.,Proxy only. Workbook does not specify crop species and may not clearly state whether mass is harvested crop or extracted oil.,low-moderate,proxy_species_and_form,"Giuliano, A., Robinson Medici, A. & Barletta, D. (2026). Techno-Economic and Carbon Footprint Assessment of Hydroprocessing Sustainable Oil Feedstocks into Green Diesel and Bio-Jet Fuel. Energies 19(5), 1265. doi:10.3390/en19051265.",2026-09-21
cover_crop_oil_marginal_land_cardoon_oil_proxy,cover_crop_oil_marginal_land,Cover-crop oil from marginal land,cardoon_oil_proxy,proxy_requires_feedstock_form_confirmation,1100,kgCO2e_per_t_oil,oil mass,usable cardoon oil supply,oil-feedstock production/obtainment used in source study,cardoon-oil production/obtainment,HVO/HEFA conversion; model-specific transport if separately represented,Italy / EU proxy,100y,CO2-equivalent as published,source-study modeling,peer_reviewed_LCA,"Giuliano, A.; Robinson Medici, A.; Barletta, D.",2026,Techno-Economic and Carbon Footprint Assessment of Hydroprocessing Sustainable Oil Feedstocks into Green Diesel and Bio-Jet Fuel,Energies,19(5):1265,10.3390/en19051265,https://doi.org/10.3390/en19051265,"Table 4: Oil production, Cardoon (Italy), 1.10 kg CO2-eq/kg oil",1.10 kg CO2-eq/kg oil × 1000 kg/t = 1100 kg CO2-eq/t oil.,Proxy only. Workbook does not specify crop species and may not clearly state whether mass is harvested crop or extracted oil.,low-moderate,proxy_species_and_form,"Giuliano, A., Robinson Medici, A. & Barletta, D. (2026). Techno-Economic and Carbon Footprint Assessment of Hydroprocessing Sustainable Oil Feedstocks into Green Diesel and Bio-Jet Fuel. Energies 19(5), 1265. doi:10.3390/en19051265.",2026-09-21
straw_parajuli_net_gwp,winter_wheat_straw,Winter wheat straw,attributional_economic_allocation_SOC,central_candidate,152,kgCO2e_per_t_DM,dry_matter,farm gate,winter wheat cultivation allocated to straw; includes modeled SOC change,field N2O; field operations; agrochemicals; allocated cultivation burden; SOC change,downstream conversion; later transport beyond study boundary; consequential removal effects beyond attributional base case,Denmark / similar agro-climatic conditions,100y,EPD/SimaPro as published,economic allocation; 19% of cereal-production impact to straw,peer_reviewed_LCA,"Parajuli, R.; Kristensen, I.S.; Knudsen, M.T.; Mogensen, L.; Corona, A.; Birkved, M.; Peña, N.; Graversgaard, M.; Dalgaard, T.",2017,"Environmental life cycle assessments of producing maize, grass-clover, ryegrass and winter wheat straw for biorefinery",Journal of Cleaner Production,142(4):3859-3871,10.1016/j.jclepro.2016.10.076,https://doi.org/10.1016/j.jclepro.2016.10.076,Table 6: winter wheat-straw Net GWP100,Direct table value: 152 kg CO2-eq/t dry matter.,The manuscript contains an internally inconsistent lower 34 kg/t statement in its conclusion; Table 6 and Table 7 give 152 kg/t for the basic scenario. This library uses the tabulated result.,high for Table 6 transcription; moderate for cross-study transfer,direct_literature_internal_source_inconsistency_noted,"Parajuli, R. et al. (2017). Environmental life cycle assessments of producing maize, grass-clover, ryegrass and winter wheat straw for biorefinery. Journal of Cleaner Production 142(4), 3859-3871. doi:10.1016/j.jclepro.2016.10.076.",2026-09-21
straw_parajuli_gross_no_soc,winter_wheat_straw,Winter wheat straw,attributional_no_SOC_sensitivity,sensitivity,171,kgCO2e_per_t_DM,dry_matter,farm gate,same as base case but excludes SOC change,field N2O; field operations; agrochemicals; allocated cultivation burden,SOC change; downstream conversion,Denmark,100y,EPD/SimaPro as published,economic allocation; 19% to straw,peer_reviewed_LCA,Parajuli et al.,2017,"Environmental life cycle assessments of producing maize, grass-clover, ryegrass and winter wheat straw for biorefinery",Journal of Cleaner Production,142(4):3859-3871,10.1016/j.jclepro.2016.10.076,https://doi.org/10.1016/j.jclepro.2016.10.076,Table 6: winter wheat-straw Gross GWP100,Direct table value: 171 kg CO2-eq/t dry matter.,Sensitivity excluding SOC term.,high,direct_literature,"Parajuli, R. et al. (2017). Journal of Cleaner Production 142(4), 3859-3871. doi:10.1016/j.jclepro.2016.10.076.",2026-09-21
straw_red_zero,winter_wheat_straw,Straw,RED_zero_pre_collection,policy_sensitivity,0,kgCO2e_per_t_feedstock,zero convention,pre-collection,RED waste/residue convention up to collection,none pre-collection,collection; transport; processing; conversion,EU,100y,RED accounting,regulatory zero-burden convention,EU legislation,European Union,2024 consolidated text,Directive (EU) 2018/2001,EUR-Lex,,,https://eur-lex.europa.eu/legal-content/EN/ALL/?uri=CELEX:02018L2001-20240716,Annex V point 18; Annex IX straw entry,Direct regulatory zero.,"Policy-accounting sensitivity, not ecological-economics central case.",high,policy_sensitivity,"European Union. Directive (EU) 2018/2001, consolidated text 16 July 2024.",2026-09-21
lignocrops_abandoned_degraded_matschegg2026,lignocrops_abandoned_degraded,Lignocrops on abandoned/degraded land,harmonized_upstream_LCA,proxy_central_candidate,68.2,kgCO2e_per_t_feedstock,biomass as processed,conversion-plant gate,feedstock upstream supply chain to conversion plant,Source category: Energy crops (miscanthus); cultivation/processing/transport as applicable in Table 3,biofuel conversion and end use; consequential credits,Austria / European-context proxy,100y,EF 3.1,"ecoinvent allocation, cut-off by classification with source-specific assumptions",peer_reviewed_harmonized_LCA,"Matschegg, D.; Kumpan, K.; Strasser, C.; Dißauer, C.",2026,Global warming potential of bioenergy conversion pathways in Austria: A comparative life cycle assessment,Biomass and Bioenergy,Article 109750,10.1016/j.biombioe.2026.109750,https://doi.org/10.1016/j.biombioe.2026.109750,Table 3: GWP of biomass upstream chains,68.2 g CO2-eq/kg = 68.2 kg CO2-eq/t.,Miscanthus is used as a dedicated lignocellulosic-energy-crop proxy.,moderate,proxy_species,"Matschegg, D., Kumpan, K., Strasser, C. & Dißauer, C. (2026). Global warming potential of bioenergy conversion pathways in Austria: A comparative life cycle assessment. Biomass and Bioenergy, 109750. doi:10.1016/j.biombioe.2026.109750.",2026-09-21
lignocrops_inter_cover_cropping_matschegg2026,lignocrops_inter_cover_cropping,Lignocrops in inter/cover cropping,harmonized_upstream_LCA,proxy_central_candidate,68.2,kgCO2e_per_t_feedstock,biomass as processed,conversion-plant gate,feedstock upstream supply chain to conversion plant,Source category: Energy crops (miscanthus); cultivation/processing/transport as applicable in Table 3,biofuel conversion and end use; consequential credits,Austria / European-context proxy,100y,EF 3.1,"ecoinvent allocation, cut-off by classification with source-specific assumptions",peer_reviewed_harmonized_LCA,"Matschegg, D.; Kumpan, K.; Strasser, C.; Dißauer, C.",2026,Global warming potential of bioenergy conversion pathways in Austria: A comparative life cycle assessment,Biomass and Bioenergy,Article 109750,10.1016/j.biombioe.2026.109750,https://doi.org/10.1016/j.biombioe.2026.109750,Table 3: GWP of biomass upstream chains,68.2 g CO2-eq/kg = 68.2 kg CO2-eq/t.,Miscanthus is used as a dedicated lignocellulosic-energy-crop proxy.,moderate,proxy_species,"Matschegg, D., Kumpan, K., Strasser, C. & Dißauer, C. (2026). Global warming potential of bioenergy conversion pathways in Austria: A comparative life cycle assessment. Biomass and Bioenergy, 109750. doi:10.1016/j.biombioe.2026.109750.",2026-09-21
secondary_forest_residues_matschegg2026,secondary_forest_residues,Secondary forest residues,harmonized_upstream_LCA,proxy_central_candidate,26.8,kgCO2e_per_t_feedstock,biomass as processed,conversion-plant gate,feedstock upstream supply chain to conversion plant,Source category: Sawmill by-products; cultivation/processing/transport as applicable in Table 3,biofuel conversion and end use; consequential credits,Austria / European-context proxy,100y,EF 3.1,"ecoinvent allocation, cut-off by classification with source-specific assumptions",peer_reviewed_harmonized_LCA,"Matschegg, D.; Kumpan, K.; Strasser, C.; Dißauer, C.",2026,Global warming potential of bioenergy conversion pathways in Austria: A comparative life cycle assessment,Biomass and Bioenergy,Article 109750,10.1016/j.biombioe.2026.109750,https://doi.org/10.1016/j.biombioe.2026.109750,Table 3: GWP of biomass upstream chains,26.8 g CO2-eq/kg = 26.8 kg CO2-eq/t.,Sawmill by-products are used as the closest secondary forest-industry residue.,moderate,close_category_proxy,"Matschegg, D., Kumpan, K., Strasser, C. & Dißauer, C. (2026). Global warming potential of bioenergy conversion pathways in Austria: A comparative life cycle assessment. Biomass and Bioenergy, 109750. doi:10.1016/j.biombioe.2026.109750.",2026-09-21
agroprocessing_residues_matschegg2026,agroprocessing_residues,Agroprocessing residues,harmonized_upstream_LCA,proxy_central_candidate,4.5,kgCO2e_per_t_feedstock,biomass as processed,conversion-plant gate,feedstock upstream supply chain to conversion plant,Source category: Biogenic waste; cultivation/processing/transport as applicable in Table 3,biofuel conversion and end use; consequential credits,Austria / European-context proxy,100y,EF 3.1,"ecoinvent allocation, cut-off by classification with source-specific assumptions",peer_reviewed_harmonized_LCA,"Matschegg, D.; Kumpan, K.; Strasser, C.; Dißauer, C.",2026,Global warming potential of bioenergy conversion pathways in Austria: A comparative life cycle assessment,Biomass and Bioenergy,Article 109750,10.1016/j.biombioe.2026.109750,https://doi.org/10.1016/j.biombioe.2026.109750,Table 3: GWP of biomass upstream chains,4.5 g CO2-eq/kg = 4.5 kg CO2-eq/t.,Biogenic waste is used as generic processing-residue proxy.,moderate,proxy_category,"Matschegg, D., Kumpan, K., Strasser, C. & Dißauer, C. (2026). Global warming potential of bioenergy conversion pathways in Austria: A comparative life cycle assessment. Biomass and Bioenergy, 109750. doi:10.1016/j.biombioe.2026.109750.",2026-09-21
animal_manure_raw_matschegg2026,animal_manure_raw,Farm manure,harmonized_upstream_LCA,central_candidate,3.9,kgCO2e_per_t_feedstock,as processed,conversion-plant gate,feedstock upstream supply chain to conversion plant,Source category: Farm manure; cultivation/processing/transport as applicable in Table 3,biofuel conversion and end use; consequential credits,Austria / European-context proxy,100y,EF 3.1,"ecoinvent allocation, cut-off by classification with source-specific assumptions",peer_reviewed_harmonized_LCA,"Matschegg, D.; Kumpan, K.; Strasser, C.; Dißauer, C.",2026,Global warming potential of bioenergy conversion pathways in Austria: A comparative life cycle assessment,Biomass and Bioenergy,Article 109750,10.1016/j.biombioe.2026.109750,https://doi.org/10.1016/j.biombioe.2026.109750,Table 3: GWP of biomass upstream chains,3.9 g CO2-eq/kg = 3.9 kg CO2-eq/t.,Transport to conversion plant is included; avoided-methane credit is not.,high,direct_category_match,"Matschegg, D., Kumpan, K., Strasser, C. & Dißauer, C. (2026). Global warming potential of bioenergy conversion pathways in Austria: A comparative life cycle assessment. Biomass and Bioenergy, 109750. doi:10.1016/j.biombioe.2026.109750.",2026-09-21
industrial_biowaste_non_postconsumer_wood_matschegg2026,industrial_biowaste_non_postconsumer_wood,Biowaste excluding post-consumer wood,harmonized_upstream_LCA,central_candidate,4.5,kgCO2e_per_t_feedstock,as processed,conversion-plant gate,feedstock upstream supply chain to conversion plant,Source category: Biogenic waste; cultivation/processing/transport as applicable in Table 3,biofuel conversion and end use; consequential credits,Austria / European-context proxy,100y,EF 3.1,"ecoinvent allocation, cut-off by classification with source-specific assumptions",peer_reviewed_harmonized_LCA,"Matschegg, D.; Kumpan, K.; Strasser, C.; Dißauer, C.",2026,Global warming potential of bioenergy conversion pathways in Austria: A comparative life cycle assessment,Biomass and Bioenergy,Article 109750,10.1016/j.biombioe.2026.109750,https://doi.org/10.1016/j.biombioe.2026.109750,Table 3: GWP of biomass upstream chains,4.5 g CO2-eq/kg = 4.5 kg CO2-eq/t.,Harmonized biogenic-waste upstream factor.,high,direct_category_match,"Matschegg, D., Kumpan, K., Strasser, C. & Dißauer, C. (2026). Global warming potential of bioenergy conversion pathways in Austria: A comparative life cycle assessment. Biomass and Bioenergy, 109750. doi:10.1016/j.biombioe.2026.109750.",2026-09-21
agroprocessing_residues_maize_cobs_matschegg2026,agroprocessing_residues_maize_cobs,Maize-cob agroprocessing residues,harmonized_upstream_LCA,proxy_central_candidate,4.5,kgCO2e_per_t_feedstock,as processed,conversion-plant gate,feedstock upstream supply chain to conversion plant,Source category: Biogenic waste; cultivation/processing/transport as applicable in Table 3,biofuel conversion and end use; consequential credits,Austria / European-context proxy,100y,EF 3.1,"ecoinvent allocation, cut-off by classification with source-specific assumptions",peer_reviewed_harmonized_LCA,"Matschegg, D.; Kumpan, K.; Strasser, C.; Dißauer, C.",2026,Global warming potential of bioenergy conversion pathways in Austria: A comparative life cycle assessment,Biomass and Bioenergy,Article 109750,10.1016/j.biombioe.2026.109750,https://doi.org/10.1016/j.biombioe.2026.109750,Table 3: GWP of biomass upstream chains,4.5 g CO2-eq/kg = 4.5 kg CO2-eq/t.,Maize-cob-specific factor unavailable in harmonized source; use biogenic-waste proxy.,moderate,proxy_category,"Matschegg, D., Kumpan, K., Strasser, C. & Dißauer, C. (2026). Global warming potential of bioenergy conversion pathways in Austria: A comparative life cycle assessment. Biomass and Bioenergy, 109750. doi:10.1016/j.biombioe.2026.109750.",2026-09-21
primary_forestry_residues_matschegg2026,primary_forestry_residues,Primary forestry residues,harmonized_upstream_LCA,proxy_central_candidate,15.1,kgCO2e_per_t_feedstock,biomass as processed,conversion-plant gate,feedstock upstream supply chain to conversion plant,Source category: Bark; cultivation/processing/transport as applicable in Table 3,biofuel conversion and end use; consequential credits,Austria / European-context proxy,100y,EF 3.1,"ecoinvent allocation, cut-off by classification with source-specific assumptions",peer_reviewed_harmonized_LCA,"Matschegg, D.; Kumpan, K.; Strasser, C.; Dißauer, C.",2026,Global warming potential of bioenergy conversion pathways in Austria: A comparative life cycle assessment,Biomass and Bioenergy,Article 109750,10.1016/j.biombioe.2026.109750,https://doi.org/10.1016/j.biombioe.2026.109750,Table 3: GWP of biomass upstream chains,15.1 g CO2-eq/kg = 15.1 kg CO2-eq/t.,Bark is the source study's explicit forestry-residue category; use as residue-supply proxy.,moderate,proxy_residue_type,"Matschegg, D., Kumpan, K., Strasser, C. & Dißauer, C. (2026). Global warming potential of bioenergy conversion pathways in Austria: A comparative life cycle assessment. Biomass and Bioenergy, 109750. doi:10.1016/j.biombioe.2026.109750.",2026-09-21
post_consumer_wood_biowaste_matschegg2026,post_consumer_wood_biowaste,Post-consumer wood,harmonized_upstream_LCA,central_candidate,23.2,kgCO2e_per_t_feedstock,biomass as processed,conversion-plant gate,feedstock upstream supply chain to conversion plant,Source category: Post-consumer wood; cultivation/processing/transport as applicable in Table 3,biofuel conversion and end use; consequential credits,Austria / European-context proxy,100y,EF 3.1,"ecoinvent allocation, cut-off by classification with source-specific assumptions",peer_reviewed_harmonized_LCA,"Matschegg, D.; Kumpan, K.; Strasser, C.; Dißauer, C.",2026,Global warming potential of bioenergy conversion pathways in Austria: A comparative life cycle assessment,Biomass and Bioenergy,Article 109750,10.1016/j.biombioe.2026.109750,https://doi.org/10.1016/j.biombioe.2026.109750,Table 3: GWP of biomass upstream chains,23.2 g CO2-eq/kg = 23.2 kg CO2-eq/t.,Direct category match.,high,direct_category_match,"Matschegg, D., Kumpan, K., Strasser, C. & Dißauer, C. (2026). Global warming potential of bioenergy conversion pathways in Austria: A comparative life cycle assessment. Biomass and Bioenergy, 109750. doi:10.1016/j.biombioe.2026.109750.",2026-09-21
prunings_kougioumtzis2019,prunings_damaged_crops,Prunings and damaged crops,harvesting_logistics_proxy,central_candidate,36,kgCO2e_per_t_DM,dry harvested pruning,storage-site gate,olive-pruning windrowing/harvesting/shredding/haulage to nearby storage,harvester and transport fuel/use,cultivation burden of olive crop; conversion,Central Greece,100y,CO2-equivalent as published,residue logistics only,conference_paper_demonstration,"Kougioumtzis, M.-A.; Karampinis, E.; Grammelis, P.; Kakaras, E.",2019,Exploitation of Olive Tree Prunings. Evaluation of an Integrated Harvesting Demonstration in Central Greece,27th European Biomass Conference and Exhibition,pp. 312-317,10.5071/27thEUBCE2019-1DV.3.17,https://doi.org/10.5071/27thEUBCE2019-1DV.3.17,Abstract/results: 36 gCO2eq/kg dry harvested pruning,36 g/kg = 36 kg/t dry matter.,Olive pruning used as proxy for the workbook's broader 'prunings & damaged crops'.,moderate,proxy_residue_type,"Kougioumtzis, M.-A., Karampinis, E., Grammelis, P. & Kakaras, E. (2019). Exploitation of Olive Tree Prunings. Evaluation of an Integrated Harvesting Demonstration in Central Greece. 27th EUBCE, 312-317. doi:10.5071/27thEUBCE2019-1DV.3.17.",2026-09-21
sewage_sludge_cutoff_wwtp_gate,sewage_sludge_raw,Raw sewage sludge,cutoff_at_waste_generator,lower_bound_only,0,kgCO2e_per_t_raw_sludge,as_received,wastewater-treatment/sludge-generator gate,zero upstream burden before collection under waste/residue convention,none under cut-off,dewatering/drying; transport; treatment; methane/N2O; conversion; alternative disposal,EU,100y,RED accounting,waste cut-off,EU legislation,European Union,2024 consolidated text,Directive (EU) 2018/2001,EUR-Lex,,,https://eur-lex.europa.eu/legal-content/EN/ALL/?uri=CELEX:02018L2001-20240716,Annex V point 18; Annex IX sewage sludge entry,Direct zero pre-collection.,"Boundary-limited lower bound, not a complete sludge pathway factor. Keep treatment emissions elsewhere.",high for stated boundary,lower_bound_boundary_limited,"European Union. Directive (EU) 2018/2001, consolidated text 16 July 2024.",2026-09-21
animal_manure_raw_red_zero,animal_manure_raw,Animal manure,RED_zero_pre_collection,policy_sensitivity,0,kgCO2e_per_t_feedstock,zero convention,pre-collection,RED waste/residue convention up to collection,none pre-collection,collection; transport; processing; conversion; counterfactual effects,EU,100y,RED accounting,regulatory zero-burden convention,EU legislation,European Union,2024 consolidated text,Directive (EU) 2018/2001,EUR-Lex,,,https://eur-lex.europa.eu/legal-content/EN/ALL/?uri=CELEX:02018L2001-20240716,Annex V point 18; Annex IX manure entry,Direct regulatory zero.,Policy sensitivity only.,high,policy_sensitivity,"European Union. Directive (EU) 2018/2001, consolidated text 16 July 2024.",2026-09-21
secondary_forest_residues_red_zero,secondary_forest_residues,Secondary forest residues,RED_zero_pre_collection,policy_sensitivity,0,kgCO2e_per_t_feedstock,zero convention,pre-collection,RED waste/residue convention up to collection,none pre-collection,collection; transport; processing; conversion; counterfactual effects,EU,100y,RED accounting,regulatory zero-burden convention,EU legislation,European Union,2024 consolidated text,Directive (EU) 2018/2001,EUR-Lex,,,https://eur-lex.europa.eu/legal-content/EN/ALL/?uri=CELEX:02018L2001-20240716,Annex V point 18; Annex IX forest-industry residues,Direct regulatory zero.,Policy sensitivity only.,high,policy_sensitivity,"European Union. Directive (EU) 2018/2001, consolidated text 16 July 2024.",2026-09-21
primary_forestry_residues_red_zero,primary_forestry_residues,Primary forestry residues,RED_zero_pre_collection,policy_sensitivity,0,kgCO2e_per_t_feedstock,zero convention,pre-collection,RED waste/residue convention up to collection,none pre-collection,collection; transport; processing; conversion; counterfactual effects,EU,100y,RED accounting,regulatory zero-burden convention,EU legislation,European Union,2024 consolidated text,Directive (EU) 2018/2001,EUR-Lex,,,https://eur-lex.europa.eu/legal-content/EN/ALL/?uri=CELEX:02018L2001-20240716,Annex V point 18; qualifying forestry-residue convention,Direct regulatory zero.,Policy sensitivity only.,high,policy_sensitivity,"European Union. Directive (EU) 2018/2001, consolidated text 16 July 2024.",2026-09-21
industrial_biowaste_non_postconsumer_wood_red_zero,industrial_biowaste_non_postconsumer_wood,Industrial/municipal biowaste,RED_zero_pre_collection,policy_sensitivity,0,kgCO2e_per_t_feedstock,zero convention,pre-collection,RED waste/residue convention up to collection,none pre-collection,collection; transport; processing; conversion; counterfactual effects,EU,100y,RED accounting,regulatory zero-burden convention,EU legislation,European Union,2024 consolidated text,Directive (EU) 2018/2001,EUR-Lex,,,https://eur-lex.europa.eu/legal-content/EN/ALL/?uri=CELEX:02018L2001-20240716,Annex V point 18; Annex IX biowaste,Direct regulatory zero.,Policy sensitivity only.,high,policy_sensitivity,"European Union. Directive (EU) 2018/2001, consolidated text 16 July 2024.",2026-09-21
post_consumer_wood_biowaste_red_zero,post_consumer_wood_biowaste,Post-consumer waste wood,RED_zero_pre_collection,policy_sensitivity,0,kgCO2e_per_t_feedstock,zero convention,pre-collection,RED waste/residue convention up to collection,none pre-collection,collection; transport; processing; conversion; counterfactual effects,EU,100y,RED accounting,regulatory zero-burden convention,EU legislation,European Union,2024 consolidated text,Directive (EU) 2018/2001,EUR-Lex,,,https://eur-lex.europa.eu/legal-content/EN/ALL/?uri=CELEX:02018L2001-20240716,Annex V point 18; qualifying waste/residue convention,Direct regulatory zero.,Policy sensitivity only.,high,policy_sensitivity,"European Union. Directive (EU) 2018/2001, consolidated text 16 July 2024.",2026-09-21
palm_oil_mill_effluent_raw_red_zero,palm_oil_mill_effluent_raw,POME,RED_zero_pre_collection,policy_sensitivity,0,kgCO2e_per_t_feedstock,zero convention,pre-collection,RED waste/residue convention up to collection,none pre-collection,collection; transport; processing; conversion; counterfactual effects,EU,100y,RED accounting,regulatory zero-burden convention,EU legislation,European Union,2024 consolidated text,Directive (EU) 2018/2001,EUR-Lex,,,https://eur-lex.europa.eu/legal-content/EN/ALL/?uri=CELEX:02018L2001-20240716,Annex V point 18; Annex IX POME entry,Direct regulatory zero.,Policy sensitivity only.,high,policy_sensitivity,"European Union. Directive (EU) 2018/2001, consolidated text 16 July 2024.",2026-09-21
rapeseed_oil_alcock2022_global_median,rapeseed_oil,Rapeseed oil,global_median_refined_oil,central_candidate,2490,kgCO2e_per_t_refined_oil,refined oil,refined-oil gate,life-cycle vegetable-oil production as harmonized in meta-dataset,cultivation and post-harvest/oil production; land-use/carbon-storage opportunity effects as treated in source,biofuel conversion and end use,global median across source systems,100y,harmonized life-cycle GHG as published,economically allocated dataset,peer_reviewed_global_meta_analysis,"Alcock, T.D.; Salt, D.E.; Wilson, P.; Ramsden, S.J.",2022,More sustainable vegetable oil: Balancing productivity with carbon storage opportunities,Science of the Total Environment,829:154539,10.1016/j.scitotenv.2022.154539,https://doi.org/10.1016/j.scitotenv.2022.154539,Published median for rapeseed oil per kg refined oil,2.49 kg CO2e/kg × 1000 = 2490 kg CO2e/t refined oil.,Strong literature factor but global rather than EU-origin-specific; palm is especially sensitive to peat/LUC/POME methane capture.,high for published median; moderate for scenario-region transfer,direct_product_global_median,"Alcock, T.D., Salt, D.E., Wilson, P. & Ramsden, S.J. (2022). More sustainable vegetable oil: Balancing productivity with carbon storage opportunities. Science of the Total Environment 829, 154539. doi:10.1016/j.scitotenv.2022.154539.",2026-09-21
soybean_oil_alcock2022_global_median,soybean_oil,Soybean oil,global_median_refined_oil,central_candidate,4250,kgCO2e_per_t_refined_oil,refined oil,refined-oil gate,life-cycle vegetable-oil production as harmonized in meta-dataset,cultivation and post-harvest/oil production; land-use/carbon-storage opportunity effects as treated in source,biofuel conversion and end use,global median across source systems,100y,harmonized life-cycle GHG as published,economically allocated dataset,peer_reviewed_global_meta_analysis,"Alcock, T.D.; Salt, D.E.; Wilson, P.; Ramsden, S.J.",2022,More sustainable vegetable oil: Balancing productivity with carbon storage opportunities,Science of the Total Environment,829:154539,10.1016/j.scitotenv.2022.154539,https://doi.org/10.1016/j.scitotenv.2022.154539,Published median for soybean oil per kg refined oil,4.25 kg CO2e/kg × 1000 = 4250 kg CO2e/t refined oil.,Strong literature factor but global rather than EU-origin-specific; palm is especially sensitive to peat/LUC/POME methane capture.,high for published median; moderate for scenario-region transfer,direct_product_global_median,"Alcock, T.D., Salt, D.E., Wilson, P. & Ramsden, S.J. (2022). More sustainable vegetable oil: Balancing productivity with carbon storage opportunities. Science of the Total Environment 829, 154539. doi:10.1016/j.scitotenv.2022.154539.",2026-09-21
sunflower_oil_alcock2022_global_median,sunflower_oil,Sunflower oil,global_median_refined_oil,central_candidate,2940,kgCO2e_per_t_refined_oil,refined oil,refined-oil gate,life-cycle vegetable-oil production as harmonized in meta-dataset,cultivation and post-harvest/oil production; land-use/carbon-storage opportunity effects as treated in source,biofuel conversion and end use,global median across source systems,100y,harmonized life-cycle GHG as published,economically allocated dataset,peer_reviewed_global_meta_analysis,"Alcock, T.D.; Salt, D.E.; Wilson, P.; Ramsden, S.J.",2022,More sustainable vegetable oil: Balancing productivity with carbon storage opportunities,Science of the Total Environment,829:154539,10.1016/j.scitotenv.2022.154539,https://doi.org/10.1016/j.scitotenv.2022.154539,Published median for sunflower oil per kg refined oil,2.94 kg CO2e/kg × 1000 = 2940 kg CO2e/t refined oil.,Strong literature factor but global rather than EU-origin-specific; palm is especially sensitive to peat/LUC/POME methane capture.,high for published median; moderate for scenario-region transfer,direct_product_global_median,"Alcock, T.D., Salt, D.E., Wilson, P. & Ramsden, S.J. (2022). More sustainable vegetable oil: Balancing productivity with carbon storage opportunities. Science of the Total Environment 829, 154539. doi:10.1016/j.scitotenv.2022.154539.",2026-09-21
palm_oil_alcock2022_global_median,palm_oil,Palm oil,global_median_refined_oil,central_candidate,3730,kgCO2e_per_t_refined_oil,refined oil,refined-oil gate,life-cycle vegetable-oil production as harmonized in meta-dataset,cultivation and post-harvest/oil production; land-use/carbon-storage opportunity effects as treated in source,biofuel conversion and end use,global median across source systems,100y,harmonized life-cycle GHG as published,economically allocated dataset,peer_reviewed_global_meta_analysis,"Alcock, T.D.; Salt, D.E.; Wilson, P.; Ramsden, S.J.",2022,More sustainable vegetable oil: Balancing productivity with carbon storage opportunities,Science of the Total Environment,829:154539,10.1016/j.scitotenv.2022.154539,https://doi.org/10.1016/j.scitotenv.2022.154539,Published median for palm oil per kg refined oil,3.73 kg CO2e/kg × 1000 = 3730 kg CO2e/t refined oil.,Strong literature factor but global rather than EU-origin-specific; palm is especially sensitive to peat/LUC/POME methane capture.,high for published median; moderate for scenario-region transfer,direct_product_global_median,"Alcock, T.D., Salt, D.E., Wilson, P. & Ramsden, S.J. (2022). More sustainable vegetable oil: Balancing productivity with carbon storage opportunities. Science of the Total Environment 829, 154539. doi:10.1016/j.scitotenv.2022.154539.",2026-09-21
uco_giuliano2026_preprocessed,used_cooking_oil,Used cooking oil (usable lipid),collection_and_pretreatment,central_candidate,120,kgCO2e_per_t_oil,usable pretreated oil,usable-lipid gate,collection/aggregation and pretreatment required to deliver usable UCO lipid,collection and pretreatment,upstream food/oil production burden; HVO/FAME conversion,rest-of-Europe proxy,100y,CO2-equivalent as published,waste cut-off before collection,peer_reviewed_LCA,"Giuliano, A.; Robinson Medici, A.; Barletta, D.",2026,Techno-Economic and Carbon Footprint Assessment of Hydroprocessing Sustainable Oil Feedstocks into Green Diesel and Bio-Jet Fuel,Energies,19(5):1265,10.3390/en19051265,https://doi.org/10.3390/en19051265,"Table 4: Oil production, WCO (rest of Europe), 0.12 kg CO2-eq/kg oil",0.12 kg/kg × 1000 = 120 kg/t oil.,Preferred if workbook UCO is a usable cleaned lipid rather than raw restaurant waste.,high-moderate,close_product_match,"Giuliano, A., Robinson Medici, A. & Barletta, D. (2026). Energies 19(5), 1265. doi:10.3390/en19051265.",2026-09-21
uco_raw_cutoff_zero,used_cooking_oil,Raw used cooking oil,cutoff_at_restaurant_gate,boundary_sensitivity,0,kgCO2e_per_t_raw_UCO,raw waste oil,restaurant/waste-generator gate,upstream original food/oil burden,none,collection; cleaning; pretreatment; transport,generic,100y,cut-off method,waste cut-off,government_LCA_methodology,Environment and Climate Change Canada,2026 methodology accessed,Fuel Life Cycle Assessment Model Methodology,Government of Canada,,,https://www.canada.ca/en/environment-climate-change/services/managing-pollution/fuel-life-cycle-assessment-model/methodology.html,Raw UCO cut-off methodology,Zero upstream production burden at waste-generator boundary.,Not suitable alone if workbook mass is pretreated UCO/yellow grease.,high for stated boundary,boundary_sensitivity,Environment and Climate Change Canada. Fuel Life Cycle Assessment Model Methodology (accessed 2026-09-21).,2026-09-21
rendered_animal_fat_ramirez2012_cat3,rendered_animal_fat,Rendered mammalian animal fat,rendered_category3_waste,central_candidate,150,kgCO2e_per_t_rendered_fat,rendered fat,rendering-plant gate,animal by-product rendering; raw ABP treated as waste,rendering energy and study co-product/energy treatment,livestock production burden; biofuel conversion,United Kingdom,100y,life-cycle GHG as published,waste precursor; source rendering allocation/substitution assumptions,peer_reviewed_LCA,"Ramirez, A.D.; Humphries, A.; Woodgate, S.L.; Wilkinson, R.G.",2012,Greenhouse Gas Life Cycle Assessment of Products arising from the Rendering of Mammalian Animal Byproducts in the UK,Environmental Science & Technology,46:447-453,10.1021/es201983t,https://doi.org/10.1021/es201983t,Abstract/results: category 3 mammalian rendered fat = 0.15 kg CO2e/kg,0.15 kg/kg × 1000 = 150 kg/t rendered fat.,Workbook says 'Animal fat'. Use pending confirmation of animal-fat category/mix; category 1 can differ markedly.,moderate-high,close_product_match_category_specific,"Ramirez, A.D., Humphries, A., Woodgate, S.L. & Wilkinson, R.G. (2012). Greenhouse Gas Life Cycle Assessment of Products arising from the Rendering of Mammalian Animal Byproducts in the UK. Environmental Science & Technology 46, 447-453. doi:10.1021/es201983t.",2026-09-21
animal_byproduct_raw_cutoff_zero,rendered_animal_fat,Raw animal by-product precursor,raw_waste_cutoff,boundary_sensitivity,0,kgCO2e_per_t_raw_byproduct,raw by-product,waste-generator gate,upstream livestock burden excluded under waste cut-off,none,rendering; transport; biofuel conversion,generic,100y,cut-off methodology,waste cut-off,government_LCA_methodology,Environment and Climate Change Canada,2026 methodology accessed,Fuel Life Cycle Assessment Model Methodology,Government of Canada,,,https://www.canada.ca/en/environment-climate-change/services/managing-pollution/fuel-life-cycle-assessment-model/methodology.html,Waste animal by-product cut-off methodology,Zero at raw-by-product boundary.,Boundary sensitivity only; not a rendered-fat factor.,high for stated boundary,boundary_sensitivity,Environment and Climate Change Canada. Fuel Life Cycle Assessment Model Methodology (accessed 2026-09-21).,2026-09-21
wheat_kernels_garciagudino2020_spain,wheat_kernels,Wheat kernels,European_crop_proxy_feed_factory_gate,central_proxy,705.5,kgCO2e_per_t_grain,grain delivered to feed-factory gate,feed-factory gate,crop production and delivery represented in source feed-inventory table,source LCI crop-production/delivery burdens,bioethanol conversion,Spain,100y,LCA climate change indicator,source inventory conventions,peer_reviewed_secondary_LCI,"García-Gudiño, J.; Monteiro, A.N.T.R.; Espagnol, S.; Blanco-Penedo, I.; Garcia-Launay, F.",2020,Life Cycle Assessment of Iberian Traditional Pig Production System in Spain,Sustainability,12(2):627,10.3390/su12020627,https://doi.org/10.3390/su12020627,"Table 2: Wheat Spain, climate change = 705.5 kg CO2-eq/t",Direct Table 2 value.,European geographic proxy; source table is a feed-ingredient LCI rather than a dedicated biofuel-feedstock study.,moderate,geographic_and_application_proxy,"García-Gudiño, J., Monteiro, A.N.T.R., Espagnol, S., Blanco-Penedo, I. & Garcia-Launay, F. (2020). Life Cycle Assessment of Iberian Traditional Pig Production System in Spain. Sustainability 12(2), 627. doi:10.3390/su12020627.",2026-09-21
corn_kernels_garciagudino2020_spain,corn_kernels,Corn/maize kernels,European_crop_proxy_feed_factory_gate,central_proxy,385.4,kgCO2e_per_t_grain,grain delivered to feed-factory gate,feed-factory gate,crop production and delivery represented in source feed-inventory table,source LCI crop-production/delivery burdens,bioethanol conversion,Spain,100y,LCA climate change indicator,source inventory conventions,peer_reviewed_secondary_LCI,"García-Gudiño, J.; Monteiro, A.N.T.R.; Espagnol, S.; Blanco-Penedo, I.; Garcia-Launay, F.",2020,Life Cycle Assessment of Iberian Traditional Pig Production System in Spain,Sustainability,12(2):627,10.3390/su12020627,https://doi.org/10.3390/su12020627,"Table 2: Maize Spain, climate change = 385.4 kg CO2-eq/t",Direct Table 2 value.,European geographic proxy; source table is a feed-ingredient LCI rather than a dedicated biofuel-feedstock study.,moderate,geographic_and_application_proxy,"García-Gudiño, J., Monteiro, A.N.T.R., Espagnol, S., Blanco-Penedo, I. & Garcia-Launay, F. (2020). Life Cycle Assessment of Iberian Traditional Pig Production System in Spain. Sustainability 12(2), 627. doi:10.3390/su12020627.",2026-09-21
sugar_beet_europe_benchmark_60,sugar_beets,Sugar beet roots,European_cultivation_benchmark,central_proxy,60,kgCO2e_per_t_fresh_beet,fresh beet root,cultivation/farm gate,sugar-beet cultivation,cultivation GHG as summarized for Swedish/Polish literature benchmark,sugar processing; ethanol conversion,Sweden/Poland European benchmark,100y,CO2-equivalent as summarized,crop cultivation,peer_reviewed_2025_review/benchmark,"Wróbel-Jędrzejewska, M.; Przybysz, Ł.; Włodarczyk, E.; Baryga, A.; Jaśkiewicz, A.; Ściubak, Ł.; Sitko, K.",2025,"Greenhouse Gas Analysis of Sustainable Sugar Beet Cultivation, Taking into Account the Technological Value and Quality of Various Varieties",Sustainability,17(20):9316,10.3390/su17209316,https://doi.org/10.3390/su17209316,Table 11: Sweden beet cultivation 0.06 kg CO2e/kg beet; Poland benchmark also 0.06,0.06 kg/kg × 1000 = 60 kg/t fresh beet.,"Secondary literature benchmark, not an EU-weighted mean. Suitable for minimal first-pass sensitivity-tested analysis.",moderate,secondary_benchmark_proxy,"Wróbel-Jędrzejewska, M. et al. (2025). Greenhouse Gas Analysis of Sustainable Sugar Beet Cultivation, Taking into Account the Technological Value and Quality of Various Varieties. Sustainability 17(20), 9316. doi:10.3390/su17209316.",2026-09-21
